{
    "camera_matrix": [
        [
            972.2235455470136,
            0.0,
            660.6360368617749
        ],
        [
            0.0,
            970.1307217985412,
            373.0913123853952
        ],
        [
            0.0,
            0.0,
            1.0
        ]
    ],
    "distortion_coefficients": [
        [
            -0.04580851665559521,
            0.5188255791507442,
            2.5764275279818267e-05,
            0.010661376404940514,
            -1.321060059510769
        ]
    ]
}