{
    "camera_matrix": [
        [
            967.229637877688,
            0.0,
            650.0636729430692
        ],
        [
            0.0,
            978.2884296325454,
            279.4385529511379
        ],
        [
            0.0,
            0.0,
            1.0
        ]
    ],
    "distortion_coefficients": [
        [
            0.061815425198978924,
            -0.5653239478518806,
            -0.033745222064303845,
            0.006614884900641152,
            1.4894642088388304
        ]
    ]
}