{
    "camera_matrix": [
        [
            938.5176217082804,
            0.0,
            617.8380142923819
        ],
        [
            0.0,
            940.6878611081097,
            316.6695037968231
        ],
        [
            0.0,
            0.0,
            1.0
        ]
    ],
    "distortion_coefficients": [
        [
            0.02394386606748675,
            -0.11535456454817944,
            -0.013343332579886978,
            -0.002315115136094394,
            0.22218833282511088
        ]
    ]
}