{
    "camera_matrix": [
        [
            1008.6240593223057,
            0.0,
            621.5174070772955
        ],
        [
            0.0,
            1003.0659994333062,
            338.5153361642863
        ],
        [
            0.0,
            0.0,
            1.0
        ]
    ],
    "distortion_coefficients": [
        [
            0.0897805377291951,
            0.06092364616375435,
            -0.0015493723815887572,
            -0.008138973787935298,
            -0.8980223494831121
        ]
    ]
}